-- phpMyAdmin SQL Dump
-- version 3.4.5
-- http://www.phpmyadmin.net
--
-- Host: localhost
-- Generation Time: May 17, 2016 at 02:31 AM
-- Server version: 5.5.16
-- PHP Version: 5.3.8

SET SQL_MODE="NO_AUTO_VALUE_ON_ZERO";
SET time_zone = "+00:00";


/*!40101 SET @OLD_CHARACTER_SET_CLIENT=@@CHARACTER_SET_CLIENT */;
/*!40101 SET @OLD_CHARACTER_SET_RESULTS=@@CHARACTER_SET_RESULTS */;
/*!40101 SET @OLD_COLLATION_CONNECTION=@@COLLATION_CONNECTION */;
/*!40101 SET NAMES utf8 */;

--
-- Database: `notify`
--

-- --------------------------------------------------------

--
-- Table structure for table `advertisment`
--

CREATE TABLE IF NOT EXISTS `advertisment` (
  `id` int(11) NOT NULL AUTO_INCREMENT,
  `describtion` text NOT NULL,
  `image` blob NOT NULL,
  `s_date` date NOT NULL,
  `e_date` date NOT NULL,
  PRIMARY KEY (`id`)
) ENGINE=InnoDB  DEFAULT CHARSET=latin1 AUTO_INCREMENT=12 ;

--
-- Dumping data for table `advertisment`
--

INSERT INTO `advertisment` (`id`, `describtion`, `image`, `s_date`, `e_date`) VALUES
(1, 'mohammmed', 0x494d47314241332e4a5047, '2016-05-23', '2016-06-23'),
(2, 'mohammed ', 0x35352e504e47, '2016-05-16', '2016-05-17'),
(3, 'mohammmmedmdmisjdjd', 0x616374322e504e47, '2016-05-24', '2016-05-25'),
(4, 'mohammed ', 0x616374322e504e47, '2016-05-18', '2016-05-27'),
(5, 'mohammmmedmdmisjdjd', 0x616374322e504e47, '2016-05-24', '2016-05-25'),
(6, 'mmmmmmmmmmmmmmmmmm', 0x35352e504e47, '2016-05-16', '2016-06-16'),
(7, 'mmmmmmmmmmmmmmmmmm', 0x6163312e504e47, '2016-05-16', '2016-05-24'),
(8, 'mmmmmmmmmmmmmmmmmm', 0x616374322e504e47, '2016-05-03', '2016-06-24'),
(9, 'ahlic ldkdkdj skjskh skjkdj kdkjdj ', 0x35352e504e47, '2016-05-24', '2016-05-27'),
(10, 'kdkj', 0xffd8ffe000104a46494600010101000000000000ffdb0043000201010101010201010102020202020403020202020504040304060506060605060606070908060709070606080b08090a0a0a0a0a06080b0c0b0a0c090a0a0affdb004301020202020202050303050a0706070a0a0a0a0a0a0a0a0a0a0a0a0a0a0a0a0a0a0a0a0a0a0a0a0a0a0a0a0a0a0a0a0a0a0a0a0a0a0a0a0a0a0a0a0a0a0a0a0a0affc00011080060006003012200021101031101ffc4001f0000010501010101010100000000000000000102030405060708090a0bffc400b5100002010303020403050504040000017d01020300041105122131410613516107227114328191a1082342b1c11552d1f02433627282090a161718191a25262728292a3435363738393a434445464748494a535455565758595a636465666768696a737475767778797a838485868788898a92939495969798999aa2a3a4a5a6a7a8a9aab2b3b4b5b6b7b8b9bac2c3c4c5c6c7c8c9cad2d3d4d5d6d7d8d9dae1e2e3e4e5e6e7e8e9eaf1f2f3f4f5f6f7f8f9faffc4001f0100030101010101010101010000000000000102030405060708090a0bffc400b51100020102040403040705040400010277000102031104052131061241510761711322328108144291a1b1c109233352f0156272d10a162434e125f11718191a262728292a35363738393a434445464748494a535455565758595a636465666768696a737475767778797a82838485868788898a92939495969798999aa2a3a4a5a6a7a8a9aab2b3b4b5b6b7b8b9bac2c3c4c5c6c7c8c9cad2d3d4d5d6d7d8d9dae2e3e4e5e6e7e8e9eaf2f3f4f5f6f7f8f9faffda000c03010002110311003f00f6cbaf8e72691a6369ff00083c1da6db3dc5faafdb35281a276db0c8bb960565dadb99595a49245dabfead599b6f2177afeb7e20bb9a6f1cf8e2c6e66bd9577c97162acdb57e5f95a35f2e35f959b6b32aff0017fb4d5edb52d02e206d2ecd1a18e6b78d678e34db1aaf99e5ab32aeddadb9bf89beeb7cdbbe5dceb5f18f81b445bcd5fc5034d4b686def2e134f8628565ba8ede169a78e2dd246d232c71b3796b32b7f0afdeafa1fdd51873c8fe328cb199b5786169fbdf66318915ff0089fe187c3fd11aebc6bf17bc2b6d1adbfdaa5ba5d523794471b7ccb0c2bfbe665fe2555ddfeaf6ee66555f38f8b5fb57fc26f85d29b8d2e69bc49a7dd4b85b7b7d5a38659bccb749a1693ecff6886da3ddb6393cff002668f72c8b0c8ad0f9de57f0ff00f646f8fdff00052af8ed75a3fc1cbdf16854b96bf9340bfd485b587836eb788f6b5c7cde4f9198da38d63f32492dff0078bbbce6b8fd085ff820a78a7c29e02d13fe106f1e5adf788db46d51bc5571aff88b50b6b6d5b52ba8d563b89a08fcedd247ba46f31a6936fcabe5cd1ab6ff008ec6714e2252e4c2c65ff6ec652ffed4fdeb21f08b2aa5858d5cdb965397d9e6e58ff5fdef74f94be1d7edfbf02fe1ef842eb55f8afa3e9b06b7a2d9c7fda1a2cd60cd3dd43e5c9713dc5a2cecabb638e35dd1ced1cd1f93b5bfe3e21917a3f87bff00050cf853f1dedededbc27e1c93c25aadc5d49168f66d790dd35d2c73490b35b4bb6168db7431ee8fc9568da4daaccbb99ba76ff8379ff686f85ba36b777f0e6dfc2a5aeb4eb8b69b4ff0878824b35d4ad6dec5a3b485ad9ace38dae266ff005ccd36d66f2fe68e36936fc39fb4efec53f19fe1cf89752f197c44d7fc496525dd9c37ba5eafae79d63e5ebcb1fda2469ed9564dd1f931ddc6b340dba69bcb558da4dcadcd85e27af47111fac7fe4dcd1e63d9cc7c2ce1fc660a54b051e5fef539465cbfe2f88fb36df4df0ddc5f490f882169ae64899a5337eebeceaabf776fccaccadf7bfd96ad48f471a4b4b35949a6c13c6f27fc4aeeb72f98bff3d15959b77fc0b6aab2afdeafcfbf821fb7278ebe03ea3a7785bc5da6a78df41b7f26ce0d66d3515b49ed6456855b6adc6d91add6375dbf698ed7e699be6558e356fbfbc3fe13f0778e3c2fa5f8fbc1faacd7116af676f7abf2cd1f9d1dc42b7102f94caadf764f99be6afbac0e6785c7d2bc247f34f10f07e75c278be5c546328cbe1947ed7fdbbf173136937fe2bb989e6d766d3520916456921b786e6758559b72c7336e68d7732ab7dd6fbbf37f7757c39e2c9a2d705fe95afdadd4935ac68967a958dabac3e5ab4717973cecde5aafdef315a3ff00697eed61dd785fc597535eea5a869179143e6ac12cf70b1b4abb95da3dcacdb999b6fcd26dfeeff16e6abfa57c3fd41acae2f35cd12e2d1e4f3aeb735afd997e58e6936ee9197e5f2d5b6aff0017f0ff0075ba25ec9fda3c8862314a5eec651ffc08f42b4d67e23eada06a5aadb7c4886d34b91e34bf916ea69da3bc66fbb0ccdba3ddbbcb566864dabe67f75996bceecf59f86dfda221d7749d5adeeda5577bf6d47cc59a6dccb22c9b61666dcbff002d377f137defe2c54b7d027d49750d42e7fb452f2269e592f1bcd5dccb23332b37f17ccdb9bfbccdb5bef56dcba3689e1fd4e5d3345b367677ddf6a9924662accdf79597e5fef7fbad5828c29fba76c3195f130e58fd9ffb7bff00d929dfddf886c6d7fb2352d274fb711ffadb88dd95a48d776d5db1feed57fe02acbb7fbcccd5f9effb6afed4461f8f7a943a3f868e91ae78623b9d2346bf92da388c1189d9241f37ef2d3f790dcc8b34122c924778164658f6c6dfa6969a9f83b4fb792f6ced566591956299a5dbe649bbfe58c71c7e648bb76b79926df9be5f99bef7e22fed537b01fda73e216b3ba448ee3c65a914b59645976ac977330fde2b6df95b6ff79776eaf1f3797b4a1c92f84fd57c2cc3d1fed7ad56538ca51a7ff80f348fd3bff8220fedddf107c13f047c45f063e1bf86b4fd02c0dffda2eb5885a49750b86656555f359be5555dbf757ccddb9b77cdb57e9ef127ed07e2df11de3bf897c4b79a815ddf35d5e492c8bff7d3357e7bff00c13d6d74cfd9bff63a6f8cff001156e22b6bf6fb6cbf65b2696568d996381557e5ff0058db7e66daabe66e6655dcd537883fe0aaff0007b41f1d1d3b49f045d6aba2f9509bab8d43548edae63dcbba48feccd1b2b32fccbb5a456fef2afddafca71185ab88ab52143e1e63fae32cc6e032fc2c258994635394fb7edbe346b9e1cb9fed5f0af8b751d3277eb3dade4d0b9dcdfdf5656fff0066b67e1c7c7ad72cf50bc5f1d1d3fc5fa6dfceaf71a6f8a2dd6f23326e666995dbf78b26efbcdbbf857fbb5f317c26ff0082807ecc5f1735cb7f0ed9c979a7cd757524507f6b2c3136ef95615dcb23798d3332c6b1c6ccdbbf876fcd5e95a4788fe18cd69378a2ff0058b5d234fb7bf6b76b8d7226d364f3163f319b6dcac6db76eefde7dd66dcbbb7578789cbdd35c954fa9c3e33098ea5ed21ef44f1dff82b7fecd9f03f49f853ad7ed3dfb207876dfc277f73a6c76fe36f08be9b6f75035bee3baf2d1a48ff00d1268f71ff00488f6ccb1c936d65dcccccfd847e25dfdc7ecbbe1cbfd45221362f9a08ec20582465fed0badad235b2aab337cad236d56dcdfc4cacd5e8bfb4a786edb51fd9f7c5be56a6d7163a9787354b35b8b8dcd1798d673fcaadfeeee6ff00f66bc93f647f0f49a5fc04f0bf87ec56358e4d223b879bec4d12ab5c6eba936fcbb97f7933fdddaacbf77f76cb5fa3f86f29cd56a55a5f0fff006a7f2dfd23634b0f95e16743ed54ff00d26333dbedbe2df8b75bbf67d22f64b3b85dad15bc32ed566dcadbbe691b737cbf348db9997fd9ad2d4dbc757a82ef59d7266b7bc9636ba5b1db17ccbb9a3dd0ac91ab7dd5f9b76ef97f87ef563782fc29247a8442db5cd2ec2eef1bca5d4352bc8ed91646fe26693eeeef9be666ff00c77e6abda778af45d1ee2f9b489b50d455a268997e6b6db2348df37cbb9997f77f77e5fef37dddb5fa5c9d28fc07f26d28e2ab7fbc4a518ff8bff6d1d15d6a561626d9f54babcb699236895adf2ede5eedaab22f99b59777f0b2ff0016ddaadf374165f119740b64b0d15afdacfecdb67fed7751133b08d9e3545ddb76c9e6affac669176b6d56ddb72cf88edaff004a167f63d4a3b9fbde74d2c33c70c6df32aedf2d5b76e5f99b72ff00bbf2d724ba6c5733b3d968f9767dc85a5dacbfdd6daadf7beed73cb927eeccefc254ab457eea43fc49e24d4bc2fa15ef8beead2ebfe253a7493ed9036d91635668e1f33f8be65fe1dbb777f0ff000fc4ff00b4d7ec692fc4df8aba6f8f344bab5d1f53f166bd6763ace93676f333c7717571ba5b858e4f3245daad2332b7fcfbccdf7576d7de5e24d2af3c59e13d47c376eca23bcb29a08599776e66565dccdbbeeee65ff2b5e69f0f7e0ed9784bc64de39d56799f59ff00848d6fa0baf3577471b5adc42b6f22fcdb5a35bbb956ff0069be56dab5f09c538ac653cc695a5ee72fc3fdefeb94fea5f0170791e3384b30ab3a71facc6b463cdf6bd9f2c797fedde6f69fd44f06ff0082a7a78bbc19f0b3c07f0874db75ff008476d25bc68a186d563fde431c51c7ba455566f9599555b76ddadb76ee6ddf9e77d2ce6f6664895086dacabf357ed37ed4df0c3e1a7c71f84977e15f1b5f5c03bd65d3a6b56daf6b74b9fde7fb5f2b32b2ff00b5fc3b7e5fcf8d4ff6007d26fa7bcd53c5d23c0b2ab32ae98a9e77ccdfc5e636dffbe5abe6f098cc3e179a323f60c66538cc655f69423cc705fb115af89aff00e32e916f608d3f937f0cb6fa7c96b7122dedc7da23658f742bfb85dbbe4926665558e393ef49e5ab7d15ff00054dd37e297c34f0568ba2378bf52bbd06f278daccc9a8cceed346b32dcf9bfde5f9ad36f98df799b6afcd2357aefec63f023c1bf067c2b1eb962f6a977adbc6f7925d4ebe6ed566f297eeaedf2d5995576afde91bef336ef44fdaf7e17f87bf68afd9ab50f06c56b6b793d8ced3e9cb34b70914575e4b2c770d1c3347e6797ba46556668f76ddcacbf2b618ac751ab8d8579fc313d9c164788c3e535a97fcbc91f9c5fb326b1f117c016d17c4eb4d7e6b6863dd71a5dac3ab35b5dedb76f9af21f95bca5593f76adf2ac92332c6cde4cde5fdebfb37fed07a67c46f8550786a1d2749d367f09c16fa77f66e8365e444b630c71c704d32eedbe649b5a36dbe5ee68d646dd2348cdf15f89be1df8b7e0eea927c315f0632ff006f69df65b7b892e96ee2bc91a3f97ecd3c3e5b7eed6585becf22f991b4d2472470b7eed7eb6fd9b3c05e20f0d7c2db3f0debba4dcc37b77726f2e6c6e6de3596d6466f2d3e68da4dcad0c70c9f36ddbe76d655656ddf6590396231f19d2f863f17f84fe71f1665430f937d56bc7f79cd1e5ff17f37fe03cc7a769bae4d7b337d9a05117da199e1dff2fcdf7bef7def9576d69e91e23d334fb67b2d932349f2c4db76ff000ed5dbfc5ffa17f0fcb5cee8cda9787e2923d6bc25701a3f96dfce5dbb57f89997ef37f0ff00b3f7b77def975fc39a3dff008a05c6a0f6cb6f68b2aeeb4fdf279df2ff000b37fbdb7ef7defeed7da3abef1fccf3a3182e666af86fc41a75ae929ae5cde289617937c3f68daccdb5be6556f999976afcaabf36edab5a379a6dceada9bea926a16f32492fda279a39fcd9266dde66e666ddb5beeaff00c0bfbdb9aae784bc3de16f083477b018629e466f3619b6c8cbfeeb37ddfbcbff00c556f5f4fe1f32dc6a3a46b56f1dcacaca90ecdb1ac9f32f99e5edff0065bfd965dbff00022528f21ae11c22bda2f78c88e0d52ce01fdac64973f721697e668ffeb9b37cbffecd71badda6a7a25cd9de7893c5f35e5d6db969649b7451ee9ae1ee16358b732af96be5c2adb7732c7b9be666ae920996d664d55ee5a7b8b8b8dcdb7e4dbfbcdbf7bfda6fe2ae1be28eb663b396e64ba9a4757dc6456f99bfdefef6eaf88e2faf4e30a50fb47f46f80d96d786271f5e3f0ca318ff008a5cd29199e2cf144fa9acb0433b3887e672bf2ff0d79cda6bbfdb1a9dd0b97b736d6f16edd712ed8d7e6fbccccdb6b6adf5396feee46b08d661345fdfddb7ef7ff13ff8ed721ad7c1bf0e788425f43a85ddb5c69f3acd0476f792244db5b77ef157e5656feeb2b57e7ea0a354fea2c154ab530fece272de26bbb2b8d616f7c25e3658df6c8bf65b5ba9a15999bfef9556f9bef6eaf56f83baa78e2ef4a7d7bc63e209b6b44c9f638658da2dccbb7f78cbbbe6feefcdb6b9af0ef8bf55d358695ac787bc2faac104fba5b7d634158bed1f7b6ab342be5ed5ddf7563a5f087c38f1d5deb3078afc337ba5e9d611d84716a305af9d22dd5c2c6b1cad1b332ac6accad26ddadb59b6ee93ef2c548f3425cc765296228ebef7fe047b2f8075cf0f49e1d9c3e94aeed17cc23f9656f9be55ddb5bf8b6d74fa17826d7c47a78f275f874e92e25dfb6ce56658dbe5558564ddb7fd96dbbbeefdef976b739e0bf0f5b43a4812584771e63aaa2c8db7e6fe2655ff006999576ff77e5fe2af49d12cfc31a4da41a1dae9d670c575ba3959536f99b9995999bfbdf37f17cdff008f57e99c2385960f29e69ffcbcf78fe21f1df8aa9679c63ecf0bf0e1a3ecf9bf9a5cd294bff01e6e5ff1731e772787ac7c3b713e922766923dc9ff001f9bd7e66f9bef7ff15ffc55753a25e5bd94223815a548d76abc9f32edfef6dffd9bff0041abde26f0e699ad431cf6d6d1f9eca8d12ac4cbf2ab15f9bfd9dbbbfef9ff0066a4b5f0869d1d849149a9c9017fbd22ab7cccac7fd9ff006bfcff0017d373753f17a52f6d0e6914a3d62ceea35b6fb448ced136e558b6fcbbb6fddddff8f7deff008156a45e14d4356b196f7ecdb3fe5aa32ed5793e656dccbf77f857e66ffe2ab0628355f0ea4515969ab2c8cdff001f51c5b5a46ddffc56dfbd5d9f87cccfa33c37b78a9236e5f95f6b2eefbbf37fbd52e77d8d611e59fba57f157802cbe1d585dbde6bb6b7d731daaa30b1dcc91ccdbfccdafbbf7db57cb5ddb76eeddb7cc5dad5e2fe358dae3c3d25d2b7cadfc2d5f636b7f1bff66df85ff0afc5bf0f3c69fb3c49adf8c35149ad6cb53d4ece16fb27eef6c6df32ab4722ff00ac6655dccdfc5f76be38f16ab7f66b5ab36dcc5f336dfad7e2b8eccf19985594eb7f5f17ba7fa37c37c3b9370de16385cba972d3e6f8a5ef4a5eefc52fea3fdd89e1f078f35df09eaf2d8fcd2db4d2fefd55be65fbdb997fbdfeeffb35dcdb78bfc1fac5a2ea116aca0326df3237dcacdfdd6ff817f9fbbbb8ff0011f86c5fdcb3448dfec95ac8b4f01eae8b27f665d4d119be578e34dcadf37f12ff00fb55e6d1c572dfda9f47530728af6b48f44d27c11e09d6f568f537d4576327c8cadb7e5ff80ffbd5eb7e15f08e8ccdff0008ce91acc7e56cdd2cdf7fcb5fe1ff006b7332fcbbbfbadfddaf04f02fc3bd735464d42ffc572245e6b6e30fcbb7fd956ddf7bef7f0d7d35f03f477f0af8623d3f461b5eeaf034ba85d32b4ecde5fcbb599777fcb393fd95feefcd5ef64187a199e690a4fe18fbc7e73e2a713665c35c175f1143f7752a72d38cbfbd2fe5fef463cd28ff008479d0ec74b54b6b293ce4b74f35629976c6cabfc3fe7ff66aa1737f61259c57b35d7917fb9628a3911bfbdf7bfdaff7557f8bfefadbf10e89ad9b46be9b4991e15dd2a4b1bc9f75772ed6feeab36d6feeedddf7ab2bc39a0eade239ad6eee218edfcc4daf1b3ee60cbf2b32aff757e5ff00be6bf5ba6a113f8217ef39a55245ad1b5efb74d217790aabaab476ebba4917fbdf2b7f0fff00135a975a95be9d0288e1ca4916d48ee22dacdf29656feeaaafddac9d2ace6d43595d1bc2d35bdc4fe6b3de6a579e646d0aee3f32ab36dff816dff6bef7cd5d0dfe8b0ac571a65d6837d2ee79965bab8badf2798abff2cd9963dcbbb6ff00bdf37dead3dd23dc87c272116ad65733a25d26dda9972afb9997ff0089ae9749d5e196d81851a3456daabfc4d58763e1ad5af7578f527b25b7855d764333afddfe2dbb7fe055a97f3db594e7ece2df1fc1e5ed6f5fe1f9bf8b754cd425f09d15395c3951f6bebade14f136912e8be32bfd2efe0913f7d0cdfbff003be6ddf776b2fdefef578b7c49fd967e117c41b6b89ffb03fb3e6936ecbad2e7581976b6edaa9feafe6f9b76e8ff0089abd835ef87da7ddea925f787a3540cccde5c2fb9555aa8a781f5a589bce8766cfe2af83af878568fbf0e63fd06c3e23d9eb191f22f8cff00e09ff716f3c979f0fbc61b93746ab6bae5bb2ac6bf3799234f1ab6eff657cb5ff7ab035cfd857e30689a4b5fe8fa7e9baebb7fcb8e97a8aac9fef6eb9f257ff1eafb697c2dab5ba644ec85bbfe752e97a1dc59df35eea11c970b2a6d95a4ff00d96bc49f0ed09cbf94f669e755630fe63f3d6d7f62bfdb766f145adae8ff00b3ddc2e99f680d25c378834dddff007cfdab757d45f1e7f677d43e1afc24f02f8a745f0aff0065acba1dadaf8aad565593c9d536f9ccde6798cd2348cd2afcbfbb5fb3ff00b4ab5f4ae87a4c5a5b8d4216510189995762eea9bc750ebbe23f036a1a2daf8626d6a4bcd0e6ff00892c33b2add5d43b6681559559959a6f2d7eeb7cdb7e56fbb5eb64585a196e2b9e07e7fe21e07fd6ee1cad839c7de8fef29ffd7c8c65cbff00c8ff00dbc7e7aeaba9a7872ca4baf3e473345b656d9b99b77f0ffbadf77fe0558fa7f8a60b26363aa5baf9ff00de5ba60acbf7995bfef95ab3f10ad7503a9dddcc0abe435eb2c52ab7ee997cc3f2ab7f1562c1a033dddc5d6ad26115bcd6863fbb237f76bf418c39a07f15c70b0f65ef9da699f107c2da6d8cba65ddbcc92c9b772e9adfc3bb76d6ff00817f17cadfed552bcd7246d4ade67d56e30d70acd246aaccb1b7cadb57fbdf2d7373596a02d4debc6d04326ef959766df97ef2fcbf3559f09adc5e5ab473856b785f735d2afddfbdfc5fc55a429c22b9898d1c3c7de3adbdbb98cbe43ccc96b222b19bfe7a2ff795bffb26ff008156558a0d567b84b3d5a18618feff00992c8de66e5dbfc2bf37ddfe2dabfdea5b8d4eccf87e0728cb2eff00222926976aac6bf2ff0012ff00ecd53787bc19af4b2db4f77e1c596daf25f37ed5672aceccabb9be5daccdb576fcdf2ff7ab38fbb1b0e9cb96972cbdd3ffd9, '2016-05-11', '2016-05-18'),
(11, 'kdkdkdk', 0x636173322e504e47, '2016-05-25', '2016-06-10');

-- --------------------------------------------------------

--
-- Table structure for table `customer`
--

CREATE TABLE IF NOT EXISTS `customer` (
  `id` int(11) NOT NULL AUTO_INCREMENT,
  `username` varchar(50) NOT NULL,
  `pass` varchar(50) NOT NULL,
  `name` varchar(11) NOT NULL,
  `subscribe` tinyint(1) NOT NULL,
  PRIMARY KEY (`id`)
) ENGINE=InnoDB  DEFAULT CHARSET=latin1 AUTO_INCREMENT=5 ;

--
-- Dumping data for table `customer`
--

INSERT INTO `customer` (`id`, `username`, `pass`, `name`, `subscribe`) VALUES
(1, 'mohammed', '123', 'mohammed ma', 1),
(2, 'raafat', '456', 'mohammed ra', 1),
(4, 'tiger', '789', 'ahmedt saed', 0);

-- --------------------------------------------------------

--
-- Table structure for table `read_advert`
--

CREATE TABLE IF NOT EXISTS `read_advert` (
  `id` int(11) NOT NULL AUTO_INCREMENT,
  `id_advert` int(11) NOT NULL,
  `id_customer` int(11) NOT NULL,
  `read_status` tinyint(1) NOT NULL,
  PRIMARY KEY (`id`),
  KEY `id_advert` (`id_advert`),
  KEY `id_customer` (`id_customer`),
  KEY `id_customer_2` (`id_customer`)
) ENGINE=InnoDB  DEFAULT CHARSET=latin1 AUTO_INCREMENT=20 ;

--
-- Dumping data for table `read_advert`
--

INSERT INTO `read_advert` (`id`, `id_advert`, `id_customer`, `read_status`) VALUES
(13, 8, 1, 1),
(14, 8, 2, 0),
(16, 10, 1, 1),
(17, 10, 2, 0),
(18, 11, 1, 0),
(19, 11, 2, 0);

--
-- Constraints for dumped tables
--

--
-- Constraints for table `read_advert`
--
ALTER TABLE `read_advert`
  ADD CONSTRAINT `c2` FOREIGN KEY (`id_advert`) REFERENCES `advertisment` (`id`),
  ADD CONSTRAINT `c3` FOREIGN KEY (`id_customer`) REFERENCES `customer` (`id`);

/*!40101 SET CHARACTER_SET_CLIENT=@OLD_CHARACTER_SET_CLIENT */;
/*!40101 SET CHARACTER_SET_RESULTS=@OLD_CHARACTER_SET_RESULTS */;
/*!40101 SET COLLATION_CONNECTION=@OLD_COLLATION_CONNECTION */;
